"twist","min.r.squared","twistRobust","min.r.squared.robust","twistC","min.r.squaredC","twistRobustC","min.r.squared.robustC","path","bulletland"
-0.0849560301507539,0.227008975329942,-0.0336098238439728,0.352741945904827,-0.488744445173629,0.984935429378536,-0.490366651885497,0.992267467788483,"/Users/heike/CSAFE/Bullets/Hamby252_3DX3P2of2//Ukn Bullet B-1.x3p","Ukn Bullet B-1"
2.06704933248331,0.815516986740419,0.862442942168141,0.840746447804864,-0.136172935573389,0.858958348944484,-0.142363316875734,0.87240806911635,"/Users/heike/CSAFE/Bullets/Hamby252_3DX3P2of2//Ukn Bullet B-2.x3p","Ukn Bullet B-2"
-0.250147659941498,0.838381127374817,-0.278473203136175,0.928372249644218,-0.439246137403435,0.970290916420624,-0.511495097220149,0.977515512619666,"/Users/heike/CSAFE/Bullets/Hamby252_3DX3P2of2//Ukn Bullet B-3.x3p","Ukn Bullet B-3"
-0.210823239330983,0.637691523000744,-0.226654726798907,0.970935683341089,-0.515007992387309,0.979594133400356,-0.468162578396107,0.985825614179885,"/Users/heike/CSAFE/Bullets/Hamby252_3DX3P2of2//Ukn Bullet B-4.x3p","Ukn Bullet B-4"
-0.146518506712667,0.921732974479756,-0.176476785731888,0.987488047998866,-0.331740324758118,0.981709335480014,-0.289455531535308,0.983444823793638,"/Users/heike/CSAFE/Bullets/Hamby252_3DX3P2of2//Ukn Bullet B-5.x3p","Ukn Bullet B-5"
-0.133281847671194,0.560716941934471,-0.216778376599123,0.830216637254571,-0.417061989049726,0.987816622363685,-0.407448469825703,0.988716757915144,"/Users/heike/CSAFE/Bullets/Hamby252_3DX3P2of2//Ukn Bullet B-6.x3p","Ukn Bullet B-6"
